Continent,Country,Depth_avg,Dis_avg,Elevation,FID,Grand_id,Hylak_id,Lake_area,Lake_name,Lake_type,Poly_src,Pour_lat,Pour_long,Res_time,Shape__Are,Shape__Len,Shore_dev,Shore_len,Slope_100,Vol_res,Vol_src,Vol_total,Wshd_area,abbreviati,area,country_co,country_na,id,mean,wld_rgn,month
Africa,Uganda,41.1,1735.515,1134,1,4492,16,67166.22,Victoria,3,SWBD,0.430999,33.193791,18406.3,67353470735.6225,7450418.21941697,8.08,7422.44,-1,204800,1,2760000,265372.8,,3.10677777e-07,KE,Kenya,000000000000000000c6,170.24812740736257,Africa,2002-08
Africa,Uganda,41.1,1735.515,1134,1,4492,16,67166.22,Victoria,3,SWBD,0.430999,33.193791,18406.3,67353470735.6225,7450418.21941697,8.08,7422.44,-1,204800,1,2760000,265372.8,,3.10677777e-07,KE,Kenya,000000000000000000c6,227.39831571908852,Africa,2002-09
Africa,Uganda,41.1,1735.515,1134,1,4492,16,67166.22,Victoria,3,SWBD,0.430999,33.193791,18406.3,67353470735.6225,7450418.21941697,8.08,7422.44,-1,204800,1,2760000,265372.8,,3.10677777e-07,KE,Kenya,000000000000000000c6,323.91205203584576,Africa,2002-10
Africa,Uganda,41.1,1735.515,1134,1,4492,16,67166.22,Victoria,3,SWBD,0.430999,33.193791,18406.3,67353470735.6225,7450418.21941697,8.08,7422.44,-1,204800,1,2760000,265372.8,,3.10677777e-07,KE,Kenya,000000000000000000c6,289.4614155179725,Africa,2002-11
Africa,Uganda,41.1,1735.515,1134,1,4492,16,67166.22,Victoria,3,SWBD,0.430999,33.193791,18406.3,67353470735.6225,7450418.21941697,8.08,7422.44,-1,204800,1,2760000,265372.8,,3.10677777e-07,KE,Kenya,000000000000000000c6,316.8525685161156,Africa,2002-12
Africa,Uganda,41.1,1735.515,1134,1,4492,16,67166.22,Victoria,3,SWBD,0.430999,33.193791,18406.3,67353470735.6225,7450418.21941697,8.08,7422.44,-1,204800,1,2760000,265372.8,,3.10677777e-07,KE,Kenya,000000000000000000c6,215.5106182900405,Africa,2003-01
Africa,Uganda,41.1,1735.515,1134,1,4492,16,67166.22,Victoria,3,SWBD,0.430999,33.193791,18406.3,67353470735.6225,7450418.21941697,8.08,7422.44,-1,204800,1,2760000,265372.8,,3.10677777e-07,KE,Kenya,000000000000000000c6,233.37925839341347,Africa,2003-02
Africa,Uganda,41.1,1735.515,1134,1,4492,16,67166.22,Victoria,3,SWBD,0.430999,33.193791,18406.3,67353470735.6225,7450418.21941697,8.08,7422.44,-1,204800,1,2760000,265372.8,,3.10677777e-07,KE,Kenya,000000000000000000c6,170.1329571365308,Africa,2003-03
Africa,Uganda,41.1,1735.515,1134,1,4492,16,67166.22,Victoria,3,SWBD,0.430999,33.193791,18406.3,67353470735.6225,7450418.21941697,8.08,7422.44,-1,204800,1,2760000,265372.8,,3.10677777e-07,KE,Kenya,000000000000000000c6,300.66283859558456,Africa,2003-04
Africa,Uganda,41.1,1735.515,1134,1,4492,16,67166.22,Victoria,3,SWBD,0.430999,33.193791,18406.3,67353470735.6225,7450418.21941697,8.08,7422.44,-1,204800,1,2760000,265372.8,,3.10677777e-07,KE,Kenya,000000000000000000c6,308.91980890568954,Africa,2003-05
Africa,Uganda,41.1,1735.515,1134,1,4492,16,67166.22,Victoria,3,SWBD,0.430999,33.193791,18406.3,67353470735.6225,7450418.21941697,8.08,7422.44,-1,204800,1,2760000,265372.8,,3.10677777e-07,KE,Kenya,000000000000000000c6,268.81455808268544,Africa,2003-06
Africa,Uganda,41.1,1735.515,1134,1,4492,16,67166.22,Victoria,3,SWBD,0.430999,33.193791,18406.3,67353470735.6225,7450418.21941697,8.08,7422.44,-1,204800,1,2760000,265372.8,,3.10677777e-07,KE,Kenya,000000000000000000c6,328.90399506320085,Africa,2003-07
Africa,Uganda,41.1,1735.515,1134,1,4492,16,67166.22,Victoria,3,SWBD,0.430999,33.193791,18406.3,67353470735.6225,7450418.21941697,8.08,7422.44,-1,204800,1,2760000,265372.8,,3.10677777e-07,KE,Kenya,000000000000000000c6,423.81738486307177,Africa,2003-08
Africa,Uganda,41.1,1735.515,1134,1,4492,16,67166.22,Victoria,3,SWBD,0.430999,33.193791,18406.3,67353470735.6225,7450418.21941697,8.08,7422.44,-1,204800,1,2760000,265372.8,,3.10677777e-07,KE,Kenya,000000000000000000c6,183.9300560519294,Africa,2003-09
Africa,Uganda,41.1,1735.515,1134,1,4492,16,67166.22,Victoria,3,SWBD,0.430999,33.193791,18406.3,67353470735.6225,7450418.21941697,8.08,7422.44,-1,204800,1,2760000,265372.8,,3.10677777e-07,KE,Kenya,000000000000000000c6,325.6842097684609,Africa,2003-10
Africa,Uganda,41.1,1735.515,1134,1,4492,16,67166.22,Victoria,3,SWBD,0.430999,33.193791,18406.3,67353470735.6225,7450418.21941697,8.08,7422.44,-1,204800,1,2760000,265372.8,,3.10677777e-07,KE,Kenya,000000000000000000c6,439.04422169734346,Africa,2003-11
Africa,Uganda,41.1,1735.515,1134,1,4492,16,67166.22,Victoria,3,SWBD,0.430999,33.193791,18406.3,67353470735.6225,7450418.21941697,8.08,7422.44,-1,204800,1,2760000,265372.8,,3.10677777e-07,KE,Kenya,000000000000000000c6,246.48276846418452,Africa,2003-12
Africa,Uganda,41.1,1735.515,1134,1,4492,16,67166.22,Victoria,3,SWBD,0.430999,33.193791,18406.3,67353470735.6225,7450418.21941697,8.08,7422.44,-1,204800,1,2760000,265372.8,,3.10677777e-07,KE,Kenya,000000000000000000c6,374.48885891519404,Africa,2004-01
Africa,Uganda,41.1,1735.515,1134,1,4492,16,67166.22,Victoria,3,SWBD,0.430999,33.193791,18406.3,67353470735.6225,7450418.21941697,8.08,7422.44,-1,204800,1,2760000,265372.8,,3.10677777e-07,KE,Kenya,000000000000000000c6,353.01961751031894,Africa,2004-02
Africa,Uganda,41.1,1735.515,1134,1,4492,16,67166.22,Victoria,3,SWBD,0.430999,33.193791,18406.3,67353470735.6225,7450418.21941697,8.08,7422.44,-1,204800,1,2760000,265372.8,,3.10677777e-07,KE,Kenya,000000000000000000c6,390.57263559065126,Africa,2004-03
Africa,Uganda,41.1,1735.515,1134,1,4492,16,67166.22,Victoria,3,SWBD,0.430999,33.193791,18406.3,67353470735.6225,7450418.21941697,8.08,7422.44,-1,204800,1,2760000,265372.8,,3.10677777e-07,KE,Kenya,000000000000000000c6,347.41055472511846,Africa,2004-04
Africa,Uganda,41.1,1735.515,1134,1,4492,16,67166.22,Victoria,3,SWBD,0.430999,33.193791,18406.3,67353470735.6225,7450418.21941697,8.08,7422.44,-1,204800,1,2760000,265372.8,,3.10677777e-07,KE,Kenya,000000000000000000c6,176.91803902304147,Africa,2004-05
Africa,Uganda,41.1,1735.515,1134,1,4492,16,67166.22,Victoria,3,SWBD,0.430999,33.193791,18406.3,67353470735.6225,7450418.21941697,8.08,7422.44,-1,204800,1,2760000,265372.8,,3.10677777e-07,KE,Kenya,000000000000000000c6,179.19317157708673,Africa,2004-06
Africa,Uganda,41.1,1735.515,1134,1,4492,16,67166.22,Victoria,3,SWBD,0.430999,33.193791,18406.3,67353470735.6225,7450418.21941697,8.08,7422.44,-1,204800,1,2760000,265372.8,,3.10677777e-07,KE,Kenya,000000000000000000c6,218.42715731401276,Africa,2004-07
Africa,Uganda,41.1,1735.515,1134,1,4492,16,67166.22,Victoria,3,SWBD,0.430999,33.193791,18406.3,67353470735.6225,7450418.21941697,8.08,7422.44,-1,204800,1,2760000,265372.8,,3.10677777e-07,KE,Kenya,000000000000000000c6,306.3494215106321,Africa,2004-08
Africa,Uganda,41.1,1735.515,1134,1,4492,16,67166.22,Victoria,3,SWBD,0.430999,33.193791,18406.3,67353470735.6225,7450418.21941697,8.08,7422.44,-1,204800,1,2760000,265372.8,,3.10677777e-07,KE,Kenya,000000000000000000c6,270.57479859160685,Africa,2004-09
Africa,Uganda,41.1,1735.515,1134,1,4492,16,67166.22,Victoria,3,SWBD,0.430999,33.193791,18406.3,67353470735.6225,7450418.21941697,8.08,7422.44,-1,204800,1,2760000,265372.8,,3.10677777e-07,KE,Kenya,000000000000000000c6,322.83149280633717,Africa,2004-10
Africa,Uganda,41.1,1735.515,1134,1,4492,16,67166.22,Victoria,3,SWBD,0.430999,33.193791,18406.3,67353470735.6225,7450418.21941697,8.08,7422.44,-1,204800,1,2760000,265372.8,,3.10677777e-07,KE,Kenya,000000000000000000c6,250.20262241905576,Africa,2004-11
Africa,Uganda,41.1,1735.515,1134,1,4492,16,67166.22,Victoria,3,SWBD,0.430999,33.193791,18406.3,67353470735.6225,7450418.21941697,8.08,7422.44,-1,204800,1,2760000,265372.8,,3.10677777e-07,KE,Kenya,000000000000000000c6,179.81439198944983,Africa,2004-12
Africa,Uganda,41.1,1735.515,1134,1,4492,16,67166.22,Victoria,3,SWBD,0.430999,33.193791,18406.3,67353470735.6225,7450418.21941697,8.08,7422.44,-1,204800,1,2760000,265372.8,,3.10677777e-07,KE,Kenya,000000000000000000c6,183.5713650870832,Africa,2005-01
Africa,Uganda,41.1,1735.515,1134,1,4492,16,67166.22,Victoria,3,SWBD,0.430999,33.193791,18406.3,67353470735.6225,7450418.21941697,8.08,7422.44,-1,204800,1,2760000,265372.8,,3.10677777e-07,KE,Kenya,000000000000000000c6,135.56253819816257,Africa,2005-02
Africa,Uganda,41.1,1735.515,1134,1,4492,16,67166.22,Victoria,3,SWBD,0.430999,33.193791,18406.3,67353470735.6225,7450418.21941697,8.08,7422.44,-1,204800,1,2760000,265372.8,,3.10677777e-07,KE,Kenya,000000000000000000c6,246.49185335675423,Africa,2005-03
Africa,Uganda,41.1,1735.515,1134,1,4492,16,67166.22,Victoria,3,SWBD,0.430999,33.193791,18406.3,67353470735.6225,7450418.21941697,8.08,7422.44,-1,204800,1,2760000,265372.8,,3.10677777e-07,KE,Kenya,000000000000000000c6,309.91856611667623,Africa,2005-04
Africa,Uganda,41.1,1735.515,1134,1,4492,16,67166.22,Victoria,3,SWBD,0.430999,33.193791,18406.3,67353470735.6225,7450418.21941697,8.08,7422.44,-1,204800,1,2760000,265372.8,,3.10677777e-07,KE,Kenya,000000000000000000c6,278.171089373687,Africa,2005-05
Africa,Uganda,41.1,1735.515,1134,1,4492,16,67166.22,Victoria,3,SWBD,0.430999,33.193791,18406.3,67353470735.6225,7450418.21941697,8.08,7422.44,-1,204800,1,2760000,265372.8,,3.10677777e-07,KE,Kenya,000000000000000000c6,289.4693647247547,Africa,2005-06
Africa,Uganda,41.1,1735.515,1134,1,4492,16,67166.22,Victoria,3,SWBD,0.430999,33.193791,18406.3,67353470735.6225,7450418.21941697,8.08,7422.44,-1,204800,1,2760000,265372.8,,3.10677777e-07,KE,Kenya,000000000000000000c6,365.1191574192162,Africa,2005-07
Africa,Uganda,41.1,1735.515,1134,1,4492,16,67166.22,Victoria,3,SWBD,0.430999,33.193791,18406.3,67353470735.6225,7450418.21941697,8.08,7422.44,-1,204800,1,2760000,265372.8,,3.10677777e-07,KE,Kenya,000000000000000000c6,255.70469270486385,Africa,2005-08
Africa,Uganda,41.1,1735.515,1134,1,4492,16,67166.22,Victoria,3,SWBD,0.430999,33.193791,18406.3,67353470735.6225,7450418.21941697,8.08,7422.44,-1,204800,1,2760000,265372.8,,3.10677777e-07,KE,Kenya,000000000000000000c6,389.2319586714713,Africa,2005-09
Africa,Uganda,41.1,1735.515,1134,1,4492,16,67166.22,Victoria,3,SWBD,0.430999,33.193791,18406.3,67353470735.6225,7450418.21941697,8.08,7422.44,-1,204800,1,2760000,265372.8,,3.10677777e-07,KE,Kenya,000000000000000000c6,228.89144168174732,Africa,2005-10
Africa,Uganda,41.1,1735.515,1134,1,4492,16,67166.22,Victoria,3,SWBD,0.430999,33.193791,18406.3,67353470735.6225,7450418.21941697,8.08,7422.44,-1,204800,1,2760000,265372.8,,3.10677777e-07,KE,Kenya,000000000000000000c6,342.4154610797677,Africa,2005-11
Africa,Uganda,41.1,1735.515,1134,1,4492,16,67166.22,Victoria,3,SWBD,0.430999,33.193791,18406.3,67353470735.6225,7450418.21941697,8.08,7422.44,-1,204800,1,2760000,265372.8,,3.10677777e-07,KE,Kenya,000000000000000000c6,225.51467717607798,Africa,2005-12
Africa,Uganda,41.1,1735.515,1134,1,4492,16,67166.22,Victoria,3,SWBD,0.430999,33.193791,18406.3,67353470735.6225,7450418.21941697,8.08,7422.44,-1,204800,1,2760000,265372.8,,3.10677777e-07,KE,Kenya,000000000000000000c6,279.5893534594128,Africa,2006-01
Africa,Uganda,41.1,1735.515,1134,1,4492,16,67166.22,Victoria,3,SWBD,0.430999,33.193791,18406.3,67353470735.6225,7450418.21941697,8.08,7422.44,-1,204800,1,2760000,265372.8,,3.10677777e-07,KE,Kenya,000000000000000000c6,259.9128809393947,Africa,2006-02
Africa,Uganda,41.1,1735.515,1134,1,4492,16,67166.22,Victoria,3,SWBD,0.430999,33.193791,18406.3,67353470735.6225,7450418.21941697,8.08,7422.44,-1,204800,1,2760000,265372.8,,3.10677777e-07,KE,Kenya,000000000000000000c6,475.4724428315146,Africa,2006-03
Africa,Uganda,41.1,1735.515,1134,1,4492,16,67166.22,Victoria,3,SWBD,0.430999,33.193791,18406.3,67353470735.6225,7450418.21941697,8.08,7422.44,-1,204800,1,2760000,265372.8,,3.10677777e-07,KE,Kenya,000000000000000000c6,265.2126179544696,Africa,2006-04
Africa,Uganda,41.1,1735.515,1134,1,4492,16,67166.22,Victoria,3,SWBD,0.430999,33.193791,18406.3,67353470735.6225,7450418.21941697,8.08,7422.44,-1,204800,1,2760000,265372.8,,3.10677777e-07,KE,Kenya,000000000000000000c6,219.47069310490465,Africa,2006-05
Africa,Uganda,41.1,1735.515,1134,1,4492,16,67166.22,Victoria,3,SWBD,0.430999,33.193791,18406.3,67353470735.6225,7450418.21941697,8.08,7422.44,-1,204800,1,2760000,265372.8,,3.10677777e-07,KE,Kenya,000000000000000000c6,155.6261912160402,Africa,2006-06
Africa,Uganda,41.1,1735.515,1134,1,4492,16,67166.22,Victoria,3,SWBD,0.430999,33.193791,18406.3,67353470735.6225,7450418.21941697,8.08,7422.44,-1,204800,1,2760000,265372.8,,3.10677777e-07,KE,Kenya,000000000000000000c6,333.5604247812783,Africa,2006-07
Africa,Uganda,41.1,1735.515,1134,1,4492,16,67166.22,Victoria,3,SWBD,0.430999,33.193791,18406.3,67353470735.6225,7450418.21941697,8.08,7422.44,-1,204800,1,2760000,265372.8,,3.10677777e-07,KE,Kenya,000000000000000000c6,308.10522936535193,Africa,2006-08
Africa,Uganda,41.1,1735.515,1134,1,4492,16,67166.22,Victoria,3,SWBD,0.430999,33.193791,18406.3,67353470735.6225,7450418.21941697,8.08,7422.44,-1,204800,1,2760000,265372.8,,3.10677777e-07,KE,Kenya,000000000000000000c6,254.14113923856382,Africa,2006-09
Africa,Uganda,41.1,1735.515,1134,1,4492,16,67166.22,Victoria,3,SWBD,0.430999,33.193791,18406.3,67353470735.6225,7450418.21941697,8.08,7422.44,-1,204800,1,2760000,265372.8,,3.10677777e-07,KE,Kenya,000000000000000000c6,309.35970433790186,Africa,2006-10
Africa,Uganda,41.1,1735.515,1134,1,4492,16,67166.22,Victoria,3,SWBD,0.430999,33.193791,18406.3,67353470735.6225,7450418.21941697,8.08,7422.44,-1,204800,1,2760000,265372.8,,3.10677777e-07,KE,Kenya,000000000000000000c6,486.093808445304,Africa,2006-11
Africa,Uganda,41.1,1735.515,1134,1,4492,16,67166.22,Victoria,3,SWBD,0.430999,33.193791,18406.3,67353470735.6225,7450418.21941697,8.08,7422.44,-1,204800,1,2760000,265372.8,,3.10677777e-07,KE,Kenya,000000000000000000c6,415.30054377020315,Africa,2006-12
Africa,Uganda,41.1,1735.515,1134,1,4492,16,67166.22,Victoria,3,SWBD,0.430999,33.193791,18406.3,67353470735.6225,7450418.21941697,8.08,7422.44,-1,204800,1,2760000,265372.8,,3.10677777e-07,KE,Kenya,000000000000000000c6,323.0184673287147,Africa,2007-01
Africa,Uganda,41.1,1735.515,1134,1,4492,16,67166.22,Victoria,3,SWBD,0.430999,33.193791,18406.3,67353470735.6225,7450418.21941697,8.08,7422.44,-1,204800,1,2760000,265372.8,,3.10677777e-07,KE,Kenya,000000000000000000c6,397.1162906152531,Africa,2007-02
Africa,Uganda,41.1,1735.515,1134,1,4492,16,67166.22,Victoria,3,SWBD,0.430999,33.193791,18406.3,67353470735.6225,7450418.21941697,8.08,7422.44,-1,204800,1,2760000,265372.8,,3.10677777e-07,KE,Kenya,000000000000000000c6,192.7930954463337,Africa,2007-03
Africa,Uganda,41.1,1735.515,1134,1,4492,16,67166.22,Victoria,3,SWBD,0.430999,33.193791,18406.3,67353470735.6225,7450418.21941697,8.08,7422.44,-1,204800,1,2760000,265372.8,,3.10677777e-07,KE,Kenya,000000000000000000c6,384.42803744260397,Africa,2007-04
Africa,Uganda,41.1,1735.515,1134,1,4492,16,67166.22,Victoria,3,SWBD,0.430999,33.193791,18406.3,67353470735.6225,7450418.21941697,8.08,7422.44,-1,204800,1,2760000,265372.8,,3.10677777e-07,KE,Kenya,000000000000000000c6,205.70129970051454,Africa,2007-05
Africa,Uganda,41.1,1735.515,1134,1,4492,16,67166.22,Victoria,3,SWBD,0.430999,33.193791,18406.3,67353470735.6225,7450418.21941697,8.08,7422.44,-1,204800,1,2760000,265372.8,,3.10677777e-07,KE,Kenya,000000000000000000c6,409.475906579847,Africa,2007-06
Africa,Uganda,41.1,1735.515,1134,1,4492,16,67166.22,Victoria,3,SWBD,0.430999,33.193791,18406.3,67353470735.6225,7450418.21941697,8.08,7422.44,-1,204800,1,2760000,265372.8,,3.10677777e-07,KE,Kenya,000000000000000000c6,488.96287620127646,Africa,2007-07
Africa,Uganda,41.1,1735.515,1134,1,4492,16,67166.22,Victoria,3,SWBD,0.430999,33.193791,18406.3,67353470735.6225,7450418.21941697,8.08,7422.44,-1,204800,1,2760000,265372.8,,3.10677777e-07,KE,Kenya,000000000000000000c6,301.52840393656265,Africa,2007-08
Africa,Uganda,41.1,1735.515,1134,1,4492,16,67166.22,Victoria,3,SWBD,0.430999,33.193791,18406.3,67353470735.6225,7450418.21941697,8.08,7422.44,-1,204800,1,2760000,265372.8,,3.10677777e-07,KE,Kenya,000000000000000000c6,460.67927324397925,Africa,2007-09
Africa,Uganda,41.1,1735.515,1134,1,4492,16,67166.22,Victoria,3,SWBD,0.430999,33.193791,18406.3,67353470735.6225,7450418.21941697,8.08,7422.44,-1,204800,1,2760000,265372.8,,3.10677777e-07,KE,Kenya,000000000000000000c6,344.3593820834142,Africa,2007-10
Africa,Uganda,41.1,1735.515,1134,1,4492,16,67166.22,Victoria,3,SWBD,0.430999,33.193791,18406.3,67353470735.6225,7450418.21941697,8.08,7422.44,-1,204800,1,2760000,265372.8,,3.10677777e-07,KE,Kenya,000000000000000000c6,352.68314256929415,Africa,2007-11
Africa,Uganda,41.1,1735.515,1134,1,4492,16,67166.22,Victoria,3,SWBD,0.430999,33.193791,18406.3,67353470735.6225,7450418.21941697,8.08,7422.44,-1,204800,1,2760000,265372.8,,3.10677777e-07,KE,Kenya,000000000000000000c6,199.99322692851558,Africa,2007-12
Africa,Uganda,41.1,1735.515,1134,1,4492,16,67166.22,Victoria,3,SWBD,0.430999,33.193791,18406.3,67353470735.6225,7450418.21941697,8.08,7422.44,-1,204800,1,2760000,265372.8,,3.10677777e-07,KE,Kenya,000000000000000000c6,311.57973033459336,Africa,2008-01
Africa,Uganda,41.1,1735.515,1134,1,4492,16,67166.22,Victoria,3,SWBD,0.430999,33.193791,18406.3,67353470735.6225,7450418.21941697,8.08,7422.44,-1,204800,1,2760000,265372.8,,3.10677777e-07,KE,Kenya,000000000000000000c6,211.76850976710324,Africa,2008-02
Africa,Uganda,41.1,1735.515,1134,1,4492,16,67166.22,Victoria,3,SWBD,0.430999,33.193791,18406.3,67353470735.6225,7450418.21941697,8.08,7422.44,-1,204800,1,2760000,265372.8,,3.10677777e-07,KE,Kenya,000000000000000000c6,272.4678320045489,Africa,2008-03
Africa,Uganda,41.1,1735.515,1134,1,4492,16,67166.22,Victoria,3,SWBD,0.430999,33.193791,18406.3,67353470735.6225,7450418.21941697,8.08,7422.44,-1,204800,1,2760000,265372.8,,3.10677777e-07,KE,Kenya,000000000000000000c6,208.69030445432713,Africa,2008-04
Africa,Uganda,41.1,1735.515,1134,1,4492,16,67166.22,Victoria,3,SWBD,0.430999,33.193791,18406.3,67353470735.6225,7450418.21941697,8.08,7422.44,-1,204800,1,2760000,265372.8,,3.10677777e-07,KE,Kenya,000000000000000000c6,138.85222761594946,Africa,2008-05
Africa,Uganda,41.1,1735.515,1134,1,4492,16,67166.22,Victoria,3,SWBD,0.430999,33.193791,18406.3,67353470735.6225,7450418.21941697,8.08,7422.44,-1,204800,1,2760000,265372.8,,3.10677777e-07,KE,Kenya,000000000000000000c6,217.1630892808144,Africa,2008-06
Africa,Uganda,41.1,1735.515,1134,1,4492,16,67166.22,Victoria,3,SWBD,0.430999,33.193791,18406.3,67353470735.6225,7450418.21941697,8.08,7422.44,-1,204800,1,2760000,265372.8,,3.10677777e-07,KE,Kenya,000000000000000000c6,329.1355205071521,Africa,2008-07
Africa,Uganda,41.1,1735.515,1134,1,4492,16,67166.22,Victoria,3,SWBD,0.430999,33.193791,18406.3,67353470735.6225,7450418.21941697,8.08,7422.44,-1,204800,1,2760000,265372.8,,3.10677777e-07,KE,Kenya,000000000000000000c6,301.89238650622366,Africa,2008-08
Africa,Uganda,41.1,1735.515,1134,1,4492,16,67166.22,Victoria,3,SWBD,0.430999,33.193791,18406.3,67353470735.6225,7450418.21941697,8.08,7422.44,-1,204800,1,2760000,265372.8,,3.10677777e-07,KE,Kenya,000000000000000000c6,375.55325394534964,Africa,2008-09
Africa,Uganda,41.1,1735.515,1134,1,4492,16,67166.22,Victoria,3,SWBD,0.430999,33.193791,18406.3,67353470735.6225,7450418.21941697,8.08,7422.44,-1,204800,1,2760000,265372.8,,3.10677777e-07,KE,Kenya,000000000000000000c6,445.86115022417596,Africa,2008-10
Africa,Uganda,41.1,1735.515,1134,1,4492,16,67166.22,Victoria,3,SWBD,0.430999,33.193791,18406.3,67353470735.6225,7450418.21941697,8.08,7422.44,-1,204800,1,2760000,265372.8,,3.10677777e-07,KE,Kenya,000000000000000000c6,379.7810081639899,Africa,2008-11
Africa,Uganda,41.1,1735.515,1134,1,4492,16,67166.22,Victoria,3,SWBD,0.430999,33.193791,18406.3,67353470735.6225,7450418.21941697,8.08,7422.44,-1,204800,1,2760000,265372.8,,3.10677777e-07,KE,Kenya,000000000000000000c6,164.18208775880646,Africa,2008-12
Africa,Uganda,41.1,1735.515,1134,1,4492,16,67166.22,Victoria,3,SWBD,0.430999,33.193791,18406.3,67353470735.6225,7450418.21941697,8.08,7422.44,-1,204800,1,2760000,265372.8,,3.10677777e-07,KE,Kenya,000000000000000000c6,314.6802797902534,Africa,2009-01
Africa,Uganda,41.1,1735.515,1134,1,4492,16,67166.22,Victoria,3,SWBD,0.430999,33.193791,18406.3,67353470735.6225,7450418.21941697,8.08,7422.44,-1,204800,1,2760000,265372.8,,3.10677777e-07,KE,Kenya,000000000000000000c6,255.82743305211457,Africa,2009-02
Africa,Uganda,41.1,1735.515,1134,1,4492,16,67166.22,Victoria,3,SWBD,0.430999,33.193791,18406.3,67353470735.6225,7450418.21941697,8.08,7422.44,-1,204800,1,2760000,265372.8,,3.10677777e-07,KE,Kenya,000000000000000000c6,212.20569966254067,Africa,2009-03
Africa,Uganda,41.1,1735.515,1134,1,4492,16,67166.22,Victoria,3,SWBD,0.430999,33.193791,18406.3,67353470735.6225,7450418.21941697,8.08,7422.44,-1,204800,1,2760000,265372.8,,3.10677777e-07,KE,Kenya,000000000000000000c6,319.0103593189274,Africa,2009-04
Africa,Uganda,41.1,1735.515,1134,1,4492,16,67166.22,Victoria,3,SWBD,0.430999,33.193791,18406.3,67353470735.6225,7450418.21941697,8.08,7422.44,-1,204800,1,2760000,265372.8,,3.10677777e-07,KE,Kenya,000000000000000000c6,286.7228258192816,Africa,2009-05
Africa,Uganda,41.1,1735.515,1134,1,4492,16,67166.22,Victoria,3,SWBD,0.430999,33.193791,18406.3,67353470735.6225,7450418.21941697,8.08,7422.44,-1,204800,1,2760000,265372.8,,3.10677777e-07,KE,Kenya,000000000000000000c6,80.90169685031435,Africa,2009-06
Africa,Uganda,41.1,1735.515,1134,1,4492,16,67166.22,Victoria,3,SWBD,0.430999,33.193791,18406.3,67353470735.6225,7450418.21941697,8.08,7422.44,-1,204800,1,2760000,265372.8,,3.10677777e-07,KE,Kenya,000000000000000000c6,204.4964277190171,Africa,2009-07
Africa,Uganda,41.1,1735.515,1134,1,4492,16,67166.22,Victoria,3,SWBD,0.430999,33.193791,18406.3,67353470735.6225,7450418.21941697,8.08,7422.44,-1,204800,1,2760000,265372.8,,3.10677777e-07,KE,Kenya,000000000000000000c6,215.08574912374397,Africa,2009-08
Africa,Uganda,41.1,1735.515,1134,1,4492,16,67166.22,Victoria,3,SWBD,0.430999,33.193791,18406.3,67353470735.6225,7450418.21941697,8.08,7422.44,-1,204800,1,2760000,265372.8,,3.10677777e-07,KE,Kenya,000000000000000000c6,310.791772185308,Africa,2009-09
Africa,Uganda,41.1,1735.515,1134,1,4492,16,67166.22,Victoria,3,SWBD,0.430999,33.193791,18406.3,67353470735.6225,7450418.21941697,8.08,7422.44,-1,204800,1,2760000,265372.8,,3.10677777e-07,KE,Kenya,000000000000000000c6,535.6890252510726,Africa,2009-10
Africa,Uganda,41.1,1735.515,1134,1,4492,16,67166.22,Victoria,3,SWBD,0.430999,33.193791,18406.3,67353470735.6225,7450418.21941697,8.08,7422.44,-1,204800,1,2760000,265372.8,,3.10677777e-07,KE,Kenya,000000000000000000c6,321.73067709441256,Africa,2009-11
Africa,Uganda,41.1,1735.515,1134,1,4492,16,67166.22,Victoria,3,SWBD,0.430999,33.193791,18406.3,67353470735.6225,7450418.21941697,8.08,7422.44,-1,204800,1,2760000,265372.8,,3.10677777e-07,KE,Kenya,000000000000000000c6,372.597715600667,Africa,2009-12
Africa,Uganda,41.1,1735.515,1134,1,4492,16,67166.22,Victoria,3,SWBD,0.430999,33.193791,18406.3,67353470735.6225,7450418.21941697,8.08,7422.44,-1,204800,1,2760000,265372.8,,3.10677777e-07,KE,Kenya,000000000000000000c6,282.5569278661705,Africa,2010-01
Africa,Uganda,41.1,1735.515,1134,1,4492,16,67166.22,Victoria,3,SWBD,0.430999,33.193791,18406.3,67353470735.6225,7450418.21941697,8.08,7422.44,-1,204800,1,2760000,265372.8,,3.10677777e-07,KE,Kenya,000000000000000000c6,498.1899855444614,Africa,2010-02
Africa,Uganda,41.1,1735.515,1134,1,4492,16,67166.22,Victoria,3,SWBD,0.430999,33.193791,18406.3,67353470735.6225,7450418.21941697,8.08,7422.44,-1,204800,1,2760000,265372.8,,3.10677777e-07,KE,Kenya,000000000000000000c6,219.985134975064,Africa,2010-03
Africa,Uganda,41.1,1735.515,1134,1,4492,16,67166.22,Victoria,3,SWBD,0.430999,33.193791,18406.3,67353470735.6225,7450418.21941697,8.08,7422.44,-1,204800,1,2760000,265372.8,,3.10677777e-07,KE,Kenya,000000000000000000c6,237.6001852320163,Africa,2010-04
Africa,Uganda,41.1,1735.515,1134,1,4492,16,67166.22,Victoria,3,SWBD,0.430999,33.193791,18406.3,67353470735.6225,7450418.21941697,8.08,7422.44,-1,204800,1,2760000,265372.8,,3.10677777e-07,KE,Kenya,000000000000000000c6,273.8146263531202,Africa,2010-05
Africa,Uganda,41.1,1735.515,1134,1,4492,16,67166.22,Victoria,3,SWBD,0.430999,33.193791,18406.3,67353470735.6225,7450418.21941697,8.08,7422.44,-1,204800,1,2760000,265372.8,,3.10677777e-07,KE,Kenya,000000000000000000c6,227.13442171232603,Africa,2010-06
Africa,Uganda,41.1,1735.515,1134,1,4492,16,67166.22,Victoria,3,SWBD,0.430999,33.193791,18406.3,67353470735.6225,7450418.21941697,8.08,7422.44,-1,204800,1,2760000,265372.8,,3.10677777e-07,KE,Kenya,000000000000000000c6,362.31847959214423,Africa,2010-07
Africa,Uganda,41.1,1735.515,1134,1,4492,16,67166.22,Victoria,3,SWBD,0.430999,33.193791,18406.3,67353470735.6225,7450418.21941697,8.08,7422.44,-1,204800,1,2760000,265372.8,,3.10677777e-07,KE,Kenya,000000000000000000c6,348.52672352010137,Africa,2010-08
Africa,Uganda,41.1,1735.515,1134,1,4492,16,67166.22,Victoria,3,SWBD,0.430999,33.193791,18406.3,67353470735.6225,7450418.21941697,8.08,7422.44,-1,204800,1,2760000,265372.8,,3.10677777e-07,KE,Kenya,000000000000000000c6,373.57111304008134,Africa,2010-09
Africa,Uganda,41.1,1735.515,1134,1,4492,16,67166.22,Victoria,3,SWBD,0.430999,33.193791,18406.3,67353470735.6225,7450418.21941697,8.08,7422.44,-1,204800,1,2760000,265372.8,,3.10677777e-07,KE,Kenya,000000000000000000c6,458.0657527237041,Africa,2010-10
Africa,Uganda,41.1,1735.515,1134,1,4492,16,67166.22,Victoria,3,SWBD,0.430999,33.193791,18406.3,67353470735.6225,7450418.21941697,8.08,7422.44,-1,204800,1,2760000,265372.8,,3.10677777e-07,KE,Kenya,000000000000000000c6,341.42271002673107,Africa,2010-11
Africa,Uganda,41.1,1735.515,1134,1,4492,16,67166.22,Victoria,3,SWBD,0.430999,33.193791,18406.3,67353470735.6225,7450418.21941697,8.08,7422.44,-1,204800,1,2760000,265372.8,,3.10677777e-07,KE,Kenya,000000000000000000c6,277.44287278928726,Africa,2010-12
Africa,Uganda,41.1,1735.515,1134,1,4492,16,67166.22,Victoria,3,SWBD,0.430999,33.193791,18406.3,67353470735.6225,7450418.21941697,8.08,7422.44,-1,204800,1,2760000,265372.8,,3.10677777e-07,KE,Kenya,000000000000000000c6,207.8174932028563,Africa,2011-01
Africa,Uganda,41.1,1735.515,1134,1,4492,16,67166.22,Victoria,3,SWBD,0.430999,33.193791,18406.3,67353470735.6225,7450418.21941697,8.08,7422.44,-1,204800,1,2760000,265372.8,,3.10677777e-07,KE,Kenya,000000000000000000c6,202.1504337053542,Africa,2011-02
Africa,Uganda,41.1,1735.515,1134,1,4492,16,67166.22,Victoria,3,SWBD,0.430999,33.193791,18406.3,67353470735.6225,7450418.21941697,8.08,7422.44,-1,204800,1,2760000,265372.8,,3.10677777e-07,KE,Kenya,000000000000000000c6,374.6865834528626,Africa,2011-03
Africa,Uganda,41.1,1735.515,1134,1,4492,16,67166.22,Victoria,3,SWBD,0.430999,33.193791,18406.3,67353470735.6225,7450418.21941697,8.08,7422.44,-1,204800,1,2760000,265372.8,,3.10677777e-07,KE,Kenya,000000000000000000c6,159.6986280795397,Africa,2011-04
Africa,Uganda,41.1,1735.515,1134,1,4492,16,67166.22,Victoria,3,SWBD,0.430999,33.193791,18406.3,67353470735.6225,7450418.21941697,8.08,7422.44,-1,204800,1,2760000,265372.8,,3.10677777e-07,KE,Kenya,000000000000000000c6,269.1962299915381,Africa,2011-05
Africa,Uganda,41.1,1735.515,1134,1,4492,16,67166.22,Victoria,3,SWBD,0.430999,33.193791,18406.3,67353470735.6225,7450418.21941697,8.08,7422.44,-1,204800,1,2760000,265372.8,,3.10677777e-07,KE,Kenya,000000000000000000c6,413.7869450399212,Africa,2011-06
Africa,Uganda,41.1,1735.515,1134,1,4492,16,67166.22,Victoria,3,SWBD,0.430999,33.193791,18406.3,67353470735.6225,7450418.21941697,8.08,7422.44,-1,204800,1,2760000,265372.8,,3.10677777e-07,KE,Kenya,000000000000000000c6,295.6321654044475,Africa,2011-07
Africa,Uganda,41.1,1735.515,1134,1,4492,16,67166.22,Victoria,3,SWBD,0.430999,33.193791,18406.3,67353470735.6225,7450418.21941697,8.08,7422.44,-1,204800,1,2760000,265372.8,,3.10677777e-07,KE,Kenya,000000000000000000c6,497.2058828629301,Africa,2011-08
Africa,Uganda,41.1,1735.515,1134,1,4492,16,67166.22,Victoria,3,SWBD,0.430999,33.193791,18406.3,67353470735.6225,7450418.21941697,8.08,7422.44,-1,204800,1,2760000,265372.8,,3.10677777e-07,KE,Kenya,000000000000000000c6,500.30073342791576,Africa,2011-09
Africa,Uganda,41.1,1735.515,1134,1,4492,16,67166.22,Victoria,3,SWBD,0.430999,33.193791,18406.3,67353470735.6225,7450418.21941697,8.08,7422.44,-1,204800,1,2760000,265372.8,,3.10677777e-07,KE,Kenya,000000000000000000c6,437.6871827229879,Africa,2011-10
Africa,Uganda,41.1,1735.515,1134,1,4492,16,67166.22,Victoria,3,SWBD,0.430999,33.193791,18406.3,67353470735.6225,7450418.21941697,8.08,7422.44,-1,204800,1,2760000,265372.8,,3.10677777e-07,KE,Kenya,000000000000000000c6,536.651868819637,Africa,2011-11
Africa,Uganda,41.1,1735.515,1134,1,4492,16,67166.22,Victoria,3,SWBD,0.430999,33.193791,18406.3,67353470735.6225,7450418.21941697,8.08,7422.44,-1,204800,1,2760000,265372.8,,3.10677777e-07,KE,Kenya,000000000000000000c6,280.2346752991667,Africa,2011-12
Africa,Uganda,41.1,1735.515,1134,1,4492,16,67166.22,Victoria,3,SWBD,0.430999,33.193791,18406.3,67353470735.6225,7450418.21941697,8.08,7422.44,-1,204800,1,2760000,265372.8,,3.10677777e-07,KE,Kenya,000000000000000000c6,162.26964169495741,Africa,2012-01
Africa,Uganda,41.1,1735.515,1134,1,4492,16,67166.22,Victoria,3,SWBD,0.430999,33.193791,18406.3,67353470735.6225,7450418.21941697,8.08,7422.44,-1,204800,1,2760000,265372.8,,3.10677777e-07,KE,Kenya,000000000000000000c6,205.6795084419735,Africa,2012-02
Africa,Uganda,41.1,1735.515,1134,1,4492,16,67166.22,Victoria,3,SWBD,0.430999,33.193791,18406.3,67353470735.6225,7450418.21941697,8.08,7422.44,-1,204800,1,2760000,265372.8,,3.10677777e-07,KE,Kenya,000000000000000000c6,267.73041692608797,Africa,2012-03
Africa,Uganda,41.1,1735.515,1134,1,4492,16,67166.22,Victoria,3,SWBD,0.430999,33.193791,18406.3,67353470735.6225,7450418.21941697,8.08,7422.44,-1,204800,1,2760000,265372.8,,3.10677777e-07,KE,Kenya,000000000000000000c6,439.0871009361148,Africa,2012-04
Africa,Uganda,41.1,1735.515,1134,1,4492,16,67166.22,Victoria,3,SWBD,0.430999,33.193791,18406.3,67353470735.6225,7450418.21941697,8.08,7422.44,-1,204800,1,2760000,265372.8,,3.10677777e-07,KE,Kenya,000000000000000000c6,204.48496824023664,Africa,2012-05
Africa,Uganda,41.1,1735.515,1134,1,4492,16,67166.22,Victoria,3,SWBD,0.430999,33.193791,18406.3,67353470735.6225,7450418.21941697,8.08,7422.44,-1,204800,1,2760000,265372.8,,3.10677777e-07,KE,Kenya,000000000000000000c6,318.499225668443,Africa,2012-06
Africa,Uganda,41.1,1735.515,1134,1,4492,16,67166.22,Victoria,3,SWBD,0.430999,33.193791,18406.3,67353470735.6225,7450418.21941697,8.08,7422.44,-1,204800,1,2760000,265372.8,,3.10677777e-07,KE,Kenya,000000000000000000c6,499.2452119965404,Africa,2012-07
Africa,Uganda,41.1,1735.515,1134,1,4492,16,67166.22,Victoria,3,SWBD,0.430999,33.193791,18406.3,67353470735.6225,7450418.21941697,8.08,7422.44,-1,204800,1,2760000,265372.8,,3.10677777e-07,KE,Kenya,000000000000000000c6,388.20299081890784,Africa,2012-08
Africa,Uganda,41.1,1735.515,1134,1,4492,16,67166.22,Victoria,3,SWBD,0.430999,33.193791,18406.3,67353470735.6225,7450418.21941697,8.08,7422.44,-1,204800,1,2760000,265372.8,,3.10677777e-07,KE,Kenya,000000000000000000c6,211.32171409149052,Africa,2012-09
Africa,Uganda,41.1,1735.515,1134,1,4492,16,67166.22,Victoria,3,SWBD,0.430999,33.193791,18406.3,67353470735.6225,7450418.21941697,8.08,7422.44,-1,204800,1,2760000,265372.8,,3.10677777e-07,KE,Kenya,000000000000000000c6,405.38102378515595,Africa,2012-10
Africa,Uganda,41.1,1735.515,1134,1,4492,16,67166.22,Victoria,3,SWBD,0.430999,33.193791,18406.3,67353470735.6225,7450418.21941697,8.08,7422.44,-1,204800,1,2760000,265372.8,,3.10677777e-07,KE,Kenya,000000000000000000c6,283.09010123668554,Africa,2012-11
Africa,Uganda,41.1,1735.515,1134,1,4492,16,67166.22,Victoria,3,SWBD,0.430999,33.193791,18406.3,67353470735.6225,7450418.21941697,8.08,7422.44,-1,204800,1,2760000,265372.8,,3.10677777e-07,KE,Kenya,000000000000000000c6,286.2621018244255,Africa,2012-12
Africa,Uganda,41.1,1735.515,1134,1,4492,16,67166.22,Victoria,3,SWBD,0.430999,33.193791,18406.3,67353470735.6225,7450418.21941697,8.08,7422.44,-1,204800,1,2760000,265372.8,,3.10677777e-07,KE,Kenya,000000000000000000c6,253.9316612270548,Africa,2013-01
Africa,Uganda,41.1,1735.515,1134,1,4492,16,67166.22,Victoria,3,SWBD,0.430999,33.193791,18406.3,67353470735.6225,7450418.21941697,8.08,7422.44,-1,204800,1,2760000,265372.8,,3.10677777e-07,KE,Kenya,000000000000000000c6,265.64177214475075,Africa,2013-02
Africa,Uganda,41.1,1735.515,1134,1,4492,16,67166.22,Victoria,3,SWBD,0.430999,33.193791,18406.3,67353470735.6225,7450418.21941697,8.08,7422.44,-1,204800,1,2760000,265372.8,,3.10677777e-07,KE,Kenya,000000000000000000c6,227.62259694463367,Africa,2013-03
Africa,Uganda,41.1,1735.515,1134,1,4492,16,67166.22,Victoria,3,SWBD,0.430999,33.193791,18406.3,67353470735.6225,7450418.21941697,8.08,7422.44,-1,204800,1,2760000,265372.8,,3.10677777e-07,KE,Kenya,000000000000000000c6,278.8042897790699,Africa,2013-04
Africa,Uganda,41.1,1735.515,1134,1,4492,16,67166.22,Victoria,3,SWBD,0.430999,33.193791,18406.3,67353470735.6225,7450418.21941697,8.08,7422.44,-1,204800,1,2760000,265372.8,,3.10677777e-07,KE,Kenya,000000000000000000c6,177.25481818965315,Africa,2013-05
Africa,Uganda,41.1,1735.515,1134,1,4492,16,67166.22,Victoria,3,SWBD,0.430999,33.193791,18406.3,67353470735.6225,7450418.21941697,8.08,7422.44,-1,204800,1,2760000,265372.8,,3.10677777e-07,KE,Kenya,000000000000000000c6,310.44229162533463,Africa,2013-06
Africa,Uganda,41.1,1735.515,1134,1,4492,16,67166.22,Victoria,3,SWBD,0.430999,33.193791,18406.3,67353470735.6225,7450418.21941697,8.08,7422.44,-1,204800,1,2760000,265372.8,,3.10677777e-07,KE,Kenya,000000000000000000c6,228.61794350326863,Africa,2013-07
Africa,Uganda,41.1,1735.515,1134,1,4492,16,67166.22,Victoria,3,SWBD,0.430999,33.193791,18406.3,67353470735.6225,7450418.21941697,8.08,7422.44,-1,204800,1,2760000,265372.8,,3.10677777e-07,KE,Kenya,000000000000000000c6,248.09521899566266,Africa,2013-08
Africa,Uganda,41.1,1735.515,1134,1,4492,16,67166.22,Victoria,3,SWBD,0.430999,33.193791,18406.3,67353470735.6225,7450418.21941697,8.08,7422.44,-1,204800,1,2760000,265372.8,,3.10677777e-07,KE,Kenya,000000000000000000c6,237.55771206402324,Africa,2013-09
Africa,Uganda,41.1,1735.515,1134,1,4492,16,67166.22,Victoria,3,SWBD,0.430999,33.193791,18406.3,67353470735.6225,7450418.21941697,8.08,7422.44,-1,204800,1,2760000,265372.8,,3.10677777e-07,KE,Kenya,000000000000000000c6,246.36762695625026,Africa,2013-10
Africa,Uganda,41.1,1735.515,1134,1,4492,16,67166.22,Victoria,3,SWBD,0.430999,33.193791,18406.3,67353470735.6225,7450418.21941697,8.08,7422.44,-1,204800,1,2760000,265372.8,,3.10677777e-07,KE,Kenya,000000000000000000c6,413.45440215245276,Africa,2013-11
Africa,Uganda,41.1,1735.515,1134,1,4492,16,67166.22,Victoria,3,SWBD,0.430999,33.193791,18406.3,67353470735.6225,7450418.21941697,8.08,7422.44,-1,204800,1,2760000,265372.8,,3.10677777e-07,KE,Kenya,000000000000000000c6,311.64375738185294,Africa,2013-12
Africa,Uganda,41.1,1735.515,1134,1,4492,16,67166.22,Victoria,3,SWBD,0.430999,33.193791,18406.3,67353470735.6225,7450418.21941697,8.08,7422.44,-1,204800,1,2760000,265372.8,,3.10677777e-07,KE,Kenya,000000000000000000c6,179.32191981519205,Africa,2014-01
Africa,Uganda,41.1,1735.515,1134,1,4492,16,67166.22,Victoria,3,SWBD,0.430999,33.193791,18406.3,67353470735.6225,7450418.21941697,8.08,7422.44,-1,204800,1,2760000,265372.8,,3.10677777e-07,KE,Kenya,000000000000000000c6,352.3899954317244,Africa,2014-02
Africa,Uganda,41.1,1735.515,1134,1,4492,16,67166.22,Victoria,3,SWBD,0.430999,33.193791,18406.3,67353470735.6225,7450418.21941697,8.08,7422.44,-1,204800,1,2760000,265372.8,,3.10677777e-07,KE,Kenya,000000000000000000c6,325.1246452909005,Africa,2014-03
Africa,Uganda,41.1,1735.515,1134,1,4492,16,67166.22,Victoria,3,SWBD,0.430999,33.193791,18406.3,67353470735.6225,7450418.21941697,8.08,7422.44,-1,204800,1,2760000,265372.8,,3.10677777e-07,KE,Kenya,000000000000000000c6,289.7202734981133,Africa,2014-04
Africa,Uganda,41.1,1735.515,1134,1,4492,16,67166.22,Victoria,3,SWBD,0.430999,33.193791,18406.3,67353470735.6225,7450418.21941697,8.08,7422.44,-1,204800,1,2760000,265372.8,,3.10677777e-07,KE,Kenya,000000000000000000c6,210.17362688716366,Africa,2014-05
Africa,Uganda,41.1,1735.515,1134,1,4492,16,67166.22,Victoria,3,SWBD,0.430999,33.193791,18406.3,67353470735.6225,7450418.21941697,8.08,7422.44,-1,204800,1,2760000,265372.8,,3.10677777e-07,KE,Kenya,000000000000000000c6,275.0748370931726,Africa,2014-06
Africa,Uganda,41.1,1735.515,1134,1,4492,16,67166.22,Victoria,3,SWBD,0.430999,33.193791,18406.3,67353470735.6225,7450418.21941697,8.08,7422.44,-1,204800,1,2760000,265372.8,,3.10677777e-07,KE,Kenya,000000000000000000c6,395.67750306325246,Africa,2014-07
Africa,Uganda,41.1,1735.515,1134,1,4492,16,67166.22,Victoria,3,SWBD,0.430999,33.193791,18406.3,67353470735.6225,7450418.21941697,8.08,7422.44,-1,204800,1,2760000,265372.8,,3.10677777e-07,KE,Kenya,000000000000000000c6,290.0880915459704,Africa,2014-08
Africa,Uganda,41.1,1735.515,1134,1,4492,16,67166.22,Victoria,3,SWBD,0.430999,33.193791,18406.3,67353470735.6225,7450418.21941697,8.08,7422.44,-1,204800,1,2760000,265372.8,,3.10677777e-07,KE,Kenya,000000000000000000c6,303.7069736261408,Africa,2014-09
Africa,Uganda,41.1,1735.515,1134,1,4492,16,67166.22,Victoria,3,SWBD,0.430999,33.193791,18406.3,67353470735.6225,7450418.21941697,8.08,7422.44,-1,204800,1,2760000,265372.8,,3.10677777e-07,KE,Kenya,000000000000000000c6,321.02813562907903,Africa,2014-10
Africa,Uganda,41.1,1735.515,1134,1,4492,16,67166.22,Victoria,3,SWBD,0.430999,33.193791,18406.3,67353470735.6225,7450418.21941697,8.08,7422.44,-1,204800,1,2760000,265372.8,,3.10677777e-07,KE,Kenya,000000000000000000c6,397.44734460971944,Africa,2014-11
Africa,Uganda,41.1,1735.515,1134,1,4492,16,67166.22,Victoria,3,SWBD,0.430999,33.193791,18406.3,67353470735.6225,7450418.21941697,8.08,7422.44,-1,204800,1,2760000,265372.8,,3.10677777e-07,KE,Kenya,000000000000000000c6,267.73248563332584,Africa,2014-12
Africa,Uganda,41.1,1735.515,1134,1,4492,16,67166.22,Victoria,3,SWBD,0.430999,33.193791,18406.3,67353470735.6225,7450418.21941697,8.08,7422.44,-1,204800,1,2760000,265372.8,,3.10677777e-07,KE,Kenya,000000000000000000c6,118.3947675785274,Africa,2015-01
Africa,Uganda,41.1,1735.515,1134,1,4492,16,67166.22,Victoria,3,SWBD,0.430999,33.193791,18406.3,67353470735.6225,7450418.21941697,8.08,7422.44,-1,204800,1,2760000,265372.8,,3.10677777e-07,KE,Kenya,000000000000000000c6,204.0352656088623,Africa,2015-02
Africa,Uganda,41.1,1735.515,1134,1,4492,16,67166.22,Victoria,3,SWBD,0.430999,33.193791,18406.3,67353470735.6225,7450418.21941697,8.08,7422.44,-1,204800,1,2760000,265372.8,,3.10677777e-07,KE,Kenya,000000000000000000c6,245.44024041545734,Africa,2015-03
Africa,Uganda,41.1,1735.515,1134,1,4492,16,67166.22,Victoria,3,SWBD,0.430999,33.193791,18406.3,67353470735.6225,7450418.21941697,8.08,7422.44,-1,204800,1,2760000,265372.8,,3.10677777e-07,KE,Kenya,000000000000000000c6,332.2888274711742,Africa,2015-04
Africa,Uganda,41.1,1735.515,1134,1,4492,16,67166.22,Victoria,3,SWBD,0.430999,33.193791,18406.3,67353470735.6225,7450418.21941697,8.08,7422.44,-1,204800,1,2760000,265372.8,,3.10677777e-07,KE,Kenya,000000000000000000c6,213.11327978347555,Africa,2015-05
Africa,Uganda,41.1,1735.515,1134,1,4492,16,67166.22,Victoria,3,SWBD,0.430999,33.193791,18406.3,67353470735.6225,7450418.21941697,8.08,7422.44,-1,204800,1,2760000,265372.8,,3.10677777e-07,KE,Kenya,000000000000000000c6,301.5280851035639,Africa,2015-06
Africa,Uganda,41.1,1735.515,1134,1,4492,16,67166.22,Victoria,3,SWBD,0.430999,33.193791,18406.3,67353470735.6225,7450418.21941697,8.08,7422.44,-1,204800,1,2760000,265372.8,,3.10677777e-07,KE,Kenya,000000000000000000c6,295.4998906343171,Africa,2015-07
Africa,Uganda,41.1,1735.515,1134,1,4492,16,67166.22,Victoria,3,SWBD,0.430999,33.193791,18406.3,67353470735.6225,7450418.21941697,8.08,7422.44,-1,204800,1,2760000,265372.8,,3.10677777e-07,KE,Kenya,000000000000000000c6,200.57548233707286,Africa,2015-08
Africa,Uganda,41.1,1735.515,1134,1,4492,16,67166.22,Victoria,3,SWBD,0.430999,33.193791,18406.3,67353470735.6225,7450418.21941697,8.08,7422.44,-1,204800,1,2760000,265372.8,,3.10677777e-07,KE,Kenya,000000000000000000c6,251.6233376941983,Africa,2015-09
Africa,Uganda,41.1,1735.515,1134,1,4492,16,67166.22,Victoria,3,SWBD,0.430999,33.193791,18406.3,67353470735.6225,7450418.21941697,8.08,7422.44,-1,204800,1,2760000,265372.8,,3.10677777e-07,KE,Kenya,000000000000000000c6,459.54795719061036,Africa,2015-10
Africa,Uganda,41.1,1735.515,1134,1,4492,16,67166.22,Victoria,3,SWBD,0.430999,33.193791,18406.3,67353470735.6225,7450418.21941697,8.08,7422.44,-1,204800,1,2760000,265372.8,,3.10677777e-07,KE,Kenya,000000000000000000c6,460.8446778016512,Africa,2015-11
Africa,Uganda,41.1,1735.515,1134,1,4492,16,67166.22,Victoria,3,SWBD,0.430999,33.193791,18406.3,67353470735.6225,7450418.21941697,8.08,7422.44,-1,204800,1,2760000,265372.8,,3.10677777e-07,KE,Kenya,000000000000000000c6,331.8993425812777,Africa,2015-12
Africa,Uganda,41.1,1735.515,1134,1,4492,16,67166.22,Victoria,3,SWBD,0.430999,33.193791,18406.3,67353470735.6225,7450418.21941697,8.08,7422.44,-1,204800,1,2760000,265372.8,,3.10677777e-07,KE,Kenya,000000000000000000c6,469.1592339024924,Africa,2016-01
Africa,Uganda,41.1,1735.515,1134,1,4492,16,67166.22,Victoria,3,SWBD,0.430999,33.193791,18406.3,67353470735.6225,7450418.21941697,8.08,7422.44,-1,204800,1,2760000,265372.8,,3.10677777e-07,KE,Kenya,000000000000000000c6,186.7491494950663,Africa,2016-02
Africa,Uganda,41.1,1735.515,1134,1,4492,16,67166.22,Victoria,3,SWBD,0.430999,33.193791,18406.3,67353470735.6225,7450418.21941697,8.08,7422.44,-1,204800,1,2760000,265372.8,,3.10677777e-07,KE,Kenya,000000000000000000c6,204.6958754685423,Africa,2016-03
Africa,Uganda,41.1,1735.515,1134,1,4492,16,67166.22,Victoria,3,SWBD,0.430999,33.193791,18406.3,67353470735.6225,7450418.21941697,8.08,7422.44,-1,204800,1,2760000,265372.8,,3.10677777e-07,KE,Kenya,000000000000000000c6,428.16569990822046,Africa,2016-04
Africa,Uganda,41.1,1735.515,1134,1,4492,16,67166.22,Victoria,3,SWBD,0.430999,33.193791,18406.3,67353470735.6225,7450418.21941697,8.08,7422.44,-1,204800,1,2760000,265372.8,,3.10677777e-07,KE,Kenya,000000000000000000c6,265.18820526495637,Africa,2016-05
Africa,Uganda,41.1,1735.515,1134,1,4492,16,67166.22,Victoria,3,SWBD,0.430999,33.193791,18406.3,67353470735.6225,7450418.21941697,8.08,7422.44,-1,204800,1,2760000,265372.8,,3.10677777e-07,KE,Kenya,000000000000000000c6,220.88052718008313,Africa,2016-06
Africa,Uganda,41.1,1735.515,1134,1,4492,16,67166.22,Victoria,3,SWBD,0.430999,33.193791,18406.3,67353470735.6225,7450418.21941697,8.08,7422.44,-1,204800,1,2760000,265372.8,,3.10677777e-07,KE,Kenya,000000000000000000c6,350.995084596424,Africa,2016-07
Africa,Uganda,41.1,1735.515,1134,1,4492,16,67166.22,Victoria,3,SWBD,0.430999,33.193791,18406.3,67353470735.6225,7450418.21941697,8.08,7422.44,-1,204800,1,2760000,265372.8,,3.10677777e-07,KE,Kenya,000000000000000000c6,240.74710842327315,Africa,2016-08
Africa,Uganda,41.1,1735.515,1134,1,4492,16,67166.22,Victoria,3,SWBD,0.430999,33.193791,18406.3,67353470735.6225,7450418.21941697,8.08,7422.44,-1,204800,1,2760000,265372.8,,3.10677777e-07,KE,Kenya,000000000000000000c6,218.30153350130973,Africa,2016-09
Africa,Uganda,41.1,1735.515,1134,1,4492,16,67166.22,Victoria,3,SWBD,0.430999,33.193791,18406.3,67353470735.6225,7450418.21941697,8.08,7422.44,-1,204800,1,2760000,265372.8,,3.10677777e-07,KE,Kenya,000000000000000000c6,250.27436907414798,Africa,2016-10
Africa,Uganda,41.1,1735.515,1134,1,4492,16,67166.22,Victoria,3,SWBD,0.430999,33.193791,18406.3,67353470735.6225,7450418.21941697,8.08,7422.44,-1,204800,1,2760000,265372.8,,3.10677777e-07,KE,Kenya,000000000000000000c6,452.6343923185491,Africa,2016-11
Africa,Uganda,41.1,1735.515,1134,1,4492,16,67166.22,Victoria,3,SWBD,0.430999,33.193791,18406.3,67353470735.6225,7450418.21941697,8.08,7422.44,-1,204800,1,2760000,265372.8,,3.10677777e-07,KE,Kenya,000000000000000000c6,251.57958003919742,Africa,2016-12
Africa,Uganda,41.1,1735.515,1134,1,4492,16,67166.22,Victoria,3,SWBD,0.430999,33.193791,18406.3,67353470735.6225,7450418.21941697,8.08,7422.44,-1,204800,1,2760000,265372.8,,3.10677777e-07,KE,Kenya,000000000000000000c6,190.73730854558718,Africa,2017-01
Africa,Uganda,41.1,1735.515,1134,1,4492,16,67166.22,Victoria,3,SWBD,0.430999,33.193791,18406.3,67353470735.6225,7450418.21941697,8.08,7422.44,-1,204800,1,2760000,265372.8,,3.10677777e-07,KE,Kenya,000000000000000000c6,239.69394004834672,Africa,2017-02
Africa,Uganda,41.1,1735.515,1134,1,4492,16,67166.22,Victoria,3,SWBD,0.430999,33.193791,18406.3,67353470735.6225,7450418.21941697,8.08,7422.44,-1,204800,1,2760000,265372.8,,3.10677777e-07,KE,Kenya,000000000000000000c6,173.13433749125565,Africa,2017-03
Africa,Uganda,41.1,1735.515,1134,1,4492,16,67166.22,Victoria,3,SWBD,0.430999,33.193791,18406.3,67353470735.6225,7450418.21941697,8.08,7422.44,-1,204800,1,2760000,265372.8,,3.10677777e-07,KE,Kenya,000000000000000000c6,289.015755060963,Africa,2017-04
Africa,Uganda,41.1,1735.515,1134,1,4492,16,67166.22,Victoria,3,SWBD,0.430999,33.193791,18406.3,67353470735.6225,7450418.21941697,8.08,7422.44,-1,204800,1,2760000,265372.8,,3.10677777e-07,KE,Kenya,000000000000000000c6,222.93833885886963,Africa,2017-05
Africa,Uganda,41.1,1735.515,1134,1,4492,16,67166.22,Victoria,3,SWBD,0.430999,33.193791,18406.3,67353470735.6225,7450418.21941697,8.08,7422.44,-1,204800,1,2760000,265372.8,,3.10677777e-07,KE,Kenya,000000000000000000c6,181.79804766723828,Africa,2017-06
Africa,Uganda,41.1,1735.515,1134,1,4492,16,67166.22,Victoria,3,SWBD,0.430999,33.193791,18406.3,67353470735.6225,7450418.21941697,8.08,7422.44,-1,204800,1,2760000,265372.8,,3.10677777e-07,KE,Kenya,000000000000000000c6,353.72053314472345,Africa,2017-07
Africa,Uganda,41.1,1735.515,1134,1,4492,16,67166.22,Victoria,3,SWBD,0.430999,33.193791,18406.3,67353470735.6225,7450418.21941697,8.08,7422.44,-1,204800,1,2760000,265372.8,,3.10677777e-07,KE,Kenya,000000000000000000c6,421.404618808962,Africa,2017-08
Africa,Uganda,41.1,1735.515,1134,1,4492,16,67166.22,Victoria,3,SWBD,0.430999,33.193791,18406.3,67353470735.6225,7450418.21941697,8.08,7422.44,-1,204800,1,2760000,265372.8,,3.10677777e-07,KE,Kenya,000000000000000000c6,419.5057686271671,Africa,2017-09
Africa,Uganda,41.1,1735.515,1134,1,4492,16,67166.22,Victoria,3,SWBD,0.430999,33.193791,18406.3,67353470735.6225,7450418.21941697,8.08,7422.44,-1,204800,1,2760000,265372.8,,3.10677777e-07,KE,Kenya,000000000000000000c6,260.74805351403484,Africa,2017-10
Africa,Uganda,41.1,1735.515,1134,1,4492,16,67166.22,Victoria,3,SWBD,0.430999,33.193791,18406.3,67353470735.6225,7450418.21941697,8.08,7422.44,-1,204800,1,2760000,265372.8,,3.10677777e-07,KE,Kenya,000000000000000000c6,417.07815504965254,Africa,2017-11
Africa,Uganda,41.1,1735.515,1134,1,4492,16,67166.22,Victoria,3,SWBD,0.430999,33.193791,18406.3,67353470735.6225,7450418.21941697,8.08,7422.44,-1,204800,1,2760000,265372.8,,3.10677777e-07,KE,Kenya,000000000000000000c6,174.92749541767614,Africa,2017-12
Africa,Uganda,41.1,1735.515,1134,1,4492,16,67166.22,Victoria,3,SWBD,0.430999,33.193791,18406.3,67353470735.6225,7450418.21941697,8.08,7422.44,-1,204800,1,2760000,265372.8,,3.10677777e-07,KE,Kenya,000000000000000000c6,312.963531312059,Africa,2018-01
Africa,Uganda,41.1,1735.515,1134,1,4492,16,67166.22,Victoria,3,SWBD,0.430999,33.193791,18406.3,67353470735.6225,7450418.21941697,8.08,7422.44,-1,204800,1,2760000,265372.8,,3.10677777e-07,KE,Kenya,000000000000000000c6,249.10393835296574,Africa,2018-02
Africa,Uganda,41.1,1735.515,1134,1,4492,16,67166.22,Victoria,3,SWBD,0.430999,33.193791,18406.3,67353470735.6225,7450418.21941697,8.08,7422.44,-1,204800,1,2760000,265372.8,,3.10677777e-07,KE,Kenya,000000000000000000c6,640.3142283554012,Africa,2018-03
Africa,Uganda,41.1,1735.515,1134,1,4492,16,67166.22,Victoria,3,SWBD,0.430999,33.193791,18406.3,67353470735.6225,7450418.21941697,8.08,7422.44,-1,204800,1,2760000,265372.8,,3.10677777e-07,KE,Kenya,000000000000000000c6,529.041869996238,Africa,2018-04
Africa,Uganda,41.1,1735.515,1134,1,4492,16,67166.22,Victoria,3,SWBD,0.430999,33.193791,18406.3,67353470735.6225,7450418.21941697,8.08,7422.44,-1,204800,1,2760000,265372.8,,3.10677777e-07,KE,Kenya,000000000000000000c6,316.4167722586444,Africa,2018-05
Africa,Uganda,41.1,1735.515,1134,1,4492,16,67166.22,Victoria,3,SWBD,0.430999,33.193791,18406.3,67353470735.6225,7450418.21941697,8.08,7422.44,-1,204800,1,2760000,265372.8,,3.10677777e-07,KE,Kenya,000000000000000000c6,331.2918989682149,Africa,2018-06
Africa,Uganda,41.1,1735.515,1134,1,4492,16,67166.22,Victoria,3,SWBD,0.430999,33.193791,18406.3,67353470735.6225,7450418.21941697,8.08,7422.44,-1,204800,1,2760000,265372.8,,3.10677777e-07,KE,Kenya,000000000000000000c6,232.84866275530126,Africa,2018-07
Africa,Uganda,41.1,1735.515,1134,1,4492,16,67166.22,Victoria,3,SWBD,0.430999,33.193791,18406.3,67353470735.6225,7450418.21941697,8.08,7422.44,-1,204800,1,2760000,265372.8,,3.10677777e-07,KE,Kenya,000000000000000000c6,399.87049933815246,Africa,2018-08
Africa,Uganda,41.1,1735.515,1134,1,4492,16,67166.22,Victoria,3,SWBD,0.430999,33.193791,18406.3,67353470735.6225,7450418.21941697,8.08,7422.44,-1,204800,1,2760000,265372.8,,3.10677777e-07,KE,Kenya,000000000000000000c6,243.67778167455774,Africa,2018-09
Africa,Uganda,41.1,1735.515,1134,1,4492,16,67166.22,Victoria,3,SWBD,0.430999,33.193791,18406.3,67353470735.6225,7450418.21941697,8.08,7422.44,-1,204800,1,2760000,265372.8,,3.10677777e-07,KE,Kenya,000000000000000000c6,318.4562712168762,Africa,2018-10
Africa,Uganda,41.1,1735.515,1134,1,4492,16,67166.22,Victoria,3,SWBD,0.430999,33.193791,18406.3,67353470735.6225,7450418.21941697,8.08,7422.44,-1,204800,1,2760000,265372.8,,3.10677777e-07,KE,Kenya,000000000000000000c6,204.85525547368343,Africa,2018-11
Africa,Uganda,41.1,1735.515,1134,1,4492,16,67166.22,Victoria,3,SWBD,0.430999,33.193791,18406.3,67353470735.6225,7450418.21941697,8.08,7422.44,-1,204800,1,2760000,265372.8,,3.10677777e-07,KE,Kenya,000000000000000000c6,369.26415529031766,Africa,2018-12
Africa,Uganda,41.1,1735.515,1134,1,4492,16,67166.22,Victoria,3,SWBD,0.430999,33.193791,18406.3,67353470735.6225,7450418.21941697,8.08,7422.44,-1,204800,1,2760000,265372.8,,3.10677777e-07,KE,Kenya,000000000000000000c6,189.24972579469343,Africa,2019-01
Africa,Uganda,41.1,1735.515,1134,1,4492,16,67166.22,Victoria,3,SWBD,0.430999,33.193791,18406.3,67353470735.6225,7450418.21941697,8.08,7422.44,-1,204800,1,2760000,265372.8,,3.10677777e-07,KE,Kenya,000000000000000000c6,249.7962599103452,Africa,2019-02
Africa,Uganda,41.1,1735.515,1134,1,4492,16,67166.22,Victoria,3,SWBD,0.430999,33.193791,18406.3,67353470735.6225,7450418.21941697,8.08,7422.44,-1,204800,1,2760000,265372.8,,3.10677777e-07,KE,Kenya,000000000000000000c6,173.0570253416414,Africa,2019-03
Africa,Uganda,41.1,1735.515,1134,1,4492,16,67166.22,Victoria,3,SWBD,0.430999,33.193791,18406.3,67353470735.6225,7450418.21941697,8.08,7422.44,-1,204800,1,2760000,265372.8,,3.10677777e-07,KE,Kenya,000000000000000000c6,242.65380555667127,Africa,2019-04
Africa,Uganda,41.1,1735.515,1134,1,4492,16,67166.22,Victoria,3,SWBD,0.430999,33.193791,18406.3,67353470735.6225,7450418.21941697,8.08,7422.44,-1,204800,1,2760000,265372.8,,3.10677777e-07,KE,Kenya,000000000000000000c6,199.82283046293185,Africa,2019-05
Africa,Uganda,41.1,1735.515,1134,1,4492,16,67166.22,Victoria,3,SWBD,0.430999,33.193791,18406.3,67353470735.6225,7450418.21941697,8.08,7422.44,-1,204800,1,2760000,265372.8,,3.10677777e-07,KE,Kenya,000000000000000000c6,646.1315017162243,Africa,2019-06
Africa,Uganda,41.1,1735.515,1134,1,4492,16,67166.22,Victoria,3,SWBD,0.430999,33.193791,18406.3,67353470735.6225,7450418.21941697,8.08,7422.44,-1,204800,1,2760000,265372.8,,3.10677777e-07,KE,Kenya,000000000000000000c6,362.5903970969709,Africa,2019-07
Africa,Uganda,41.1,1735.515,1134,1,4492,16,67166.22,Victoria,3,SWBD,0.430999,33.193791,18406.3,67353470735.6225,7450418.21941697,8.08,7422.44,-1,204800,1,2760000,265372.8,,3.10677777e-07,KE,Kenya,000000000000000000c6,387.0695010490286,Africa,2019-08
Africa,Uganda,41.1,1735.515,1134,1,4492,16,67166.22,Victoria,3,SWBD,0.430999,33.193791,18406.3,67353470735.6225,7450418.21941697,8.08,7422.44,-1,204800,1,2760000,265372.8,,3.10677777e-07,KE,Kenya,000000000000000000c6,241.9039422480752,Africa,2019-09
Africa,Uganda,41.1,1735.515,1134,1,4492,16,67166.22,Victoria,3,SWBD,0.430999,33.193791,18406.3,67353470735.6225,7450418.21941697,8.08,7422.44,-1,204800,1,2760000,265372.8,,3.10677777e-07,KE,Kenya,000000000000000000c6,413.1272444036726,Africa,2019-10
Africa,Uganda,41.1,1735.515,1134,1,4492,16,67166.22,Victoria,3,SWBD,0.430999,33.193791,18406.3,67353470735.6225,7450418.21941697,8.08,7422.44,-1,204800,1,2760000,265372.8,,3.10677777e-07,KE,Kenya,000000000000000000c6,461.7661959993632,Africa,2019-11
Africa,Uganda,41.1,1735.515,1134,1,4492,16,67166.22,Victoria,3,SWBD,0.430999,33.193791,18406.3,67353470735.6225,7450418.21941697,8.08,7422.44,-1,204800,1,2760000,265372.8,,3.10677777e-07,KE,Kenya,000000000000000000c6,587.2626930883597,Africa,2019-12
Africa,Uganda,41.1,1735.515,1134,1,4492,16,67166.22,Victoria,3,SWBD,0.430999,33.193791,18406.3,67353470735.6225,7450418.21941697,8.08,7422.44,-1,204800,1,2760000,265372.8,,3.10677777e-07,KE,Kenya,000000000000000000c6,356.9048908268168,Africa,2020-01
Africa,Uganda,41.1,1735.515,1134,1,4492,16,67166.22,Victoria,3,SWBD,0.430999,33.193791,18406.3,67353470735.6225,7450418.21941697,8.08,7422.44,-1,204800,1,2760000,265372.8,,3.10677777e-07,KE,Kenya,000000000000000000c6,258.55756598310165,Africa,2020-02
Africa,Uganda,41.1,1735.515,1134,1,4492,16,67166.22,Victoria,3,SWBD,0.430999,33.193791,18406.3,67353470735.6225,7450418.21941697,8.08,7422.44,-1,204800,1,2760000,265372.8,,3.10677777e-07,KE,Kenya,000000000000000000c6,295.21211814587093,Africa,2020-03
Africa,Uganda,41.1,1735.515,1134,1,4492,16,67166.22,Victoria,3,SWBD,0.430999,33.193791,18406.3,67353470735.6225,7450418.21941697,8.08,7422.44,-1,204800,1,2760000,265372.8,,3.10677777e-07,KE,Kenya,000000000000000000c6,311.30626271660685,Africa,2020-04
Africa,Uganda,41.1,1735.515,1134,1,4492,16,67166.22,Victoria,3,SWBD,0.430999,33.193791,18406.3,67353470735.6225,7450418.21941697,8.08,7422.44,-1,204800,1,2760000,265372.8,,3.10677777e-07,KE,Kenya,000000000000000000c6,169.47742664805705,Africa,2020-05
Africa,Uganda,41.1,1735.515,1134,1,4492,16,67166.22,Victoria,3,SWBD,0.430999,33.193791,18406.3,67353470735.6225,7450418.21941697,8.08,7422.44,-1,204800,1,2760000,265372.8,,3.10677777e-07,KE,Kenya,000000000000000000c6,354.5769750786582,Africa,2020-06
Africa,Uganda,41.1,1735.515,1134,1,4492,16,67166.22,Victoria,3,SWBD,0.430999,33.193791,18406.3,67353470735.6225,7450418.21941697,8.08,7422.44,-1,204800,1,2760000,265372.8,,3.10677777e-07,KE,Kenya,000000000000000000c6,532.0483978168322,Africa,2020-07
Africa,Uganda,41.1,1735.515,1134,1,4492,16,67166.22,Victoria,3,SWBD,0.430999,33.193791,18406.3,67353470735.6225,7450418.21941697,8.08,7422.44,-1,204800,1,2760000,265372.8,,3.10677777e-07,KE,Kenya,000000000000000000c6,476.84996957599867,Africa,2020-08
Africa,Uganda,41.1,1735.515,1134,1,4492,16,67166.22,Victoria,3,SWBD,0.430999,33.193791,18406.3,67353470735.6225,7450418.21941697,8.08,7422.44,-1,204800,1,2760000,265372.8,,3.10677777e-07,KE,Kenya,000000000000000000c6,292.86407065196437,Africa,2020-09
Africa,Uganda,41.1,1735.515,1134,1,4492,16,67166.22,Victoria,3,SWBD,0.430999,33.193791,18406.3,67353470735.6225,7450418.21941697,8.08,7422.44,-1,204800,1,2760000,265372.8,,3.10677777e-07,KE,Kenya,000000000000000000c6,332.30794850134333,Africa,2020-10
Africa,Uganda,41.1,1735.515,1134,1,4492,16,67166.22,Victoria,3,SWBD,0.430999,33.193791,18406.3,67353470735.6225,7450418.21941697,8.08,7422.44,-1,204800,1,2760000,265372.8,,3.10677777e-07,KE,Kenya,000000000000000000c6,262.04521610518805,Africa,2020-11
Africa,Uganda,41.1,1735.515,1134,1,4492,16,67166.22,Victoria,3,SWBD,0.430999,33.193791,18406.3,67353470735.6225,7450418.21941697,8.08,7422.44,-1,204800,1,2760000,265372.8,,3.10677777e-07,KE,Kenya,000000000000000000c6,252.61676666182194,Africa,2020-12
Africa,Uganda,41.1,1735.515,1134,1,4492,16,67166.22,Victoria,3,SWBD,0.430999,33.193791,18406.3,67353470735.6225,7450418.21941697,8.08,7422.44,-1,204800,1,2760000,265372.8,,3.10677777e-07,KE,Kenya,000000000000000000c6,337.5728794284103,Africa,2021-01
Africa,Uganda,41.1,1735.515,1134,1,4492,16,67166.22,Victoria,3,SWBD,0.430999,33.193791,18406.3,67353470735.6225,7450418.21941697,8.08,7422.44,-1,204800,1,2760000,265372.8,,3.10677777e-07,KE,Kenya,000000000000000000c6,414.4757600815859,Africa,2021-02
Africa,Uganda,41.1,1735.515,1134,1,4492,16,67166.22,Victoria,3,SWBD,0.430999,33.193791,18406.3,67353470735.6225,7450418.21941697,8.08,7422.44,-1,204800,1,2760000,265372.8,,3.10677777e-07,KE,Kenya,000000000000000000c6,284.4694199053454,Africa,2021-03
Africa,Uganda,41.1,1735.515,1134,1,4492,16,67166.22,Victoria,3,SWBD,0.430999,33.193791,18406.3,67353470735.6225,7450418.21941697,8.08,7422.44,-1,204800,1,2760000,265372.8,,3.10677777e-07,KE,Kenya,000000000000000000c6,264.78541388250534,Africa,2021-04
Africa,Uganda,41.1,1735.515,1134,1,4492,16,67166.22,Victoria,3,SWBD,0.430999,33.193791,18406.3,67353470735.6225,7450418.21941697,8.08,7422.44,-1,204800,1,2760000,265372.8,,3.10677777e-07,KE,Kenya,000000000000000000c6,286.7544380480032,Africa,2021-05
Africa,Uganda,41.1,1735.515,1134,1,4492,16,67166.22,Victoria,3,SWBD,0.430999,33.193791,18406.3,67353470735.6225,7450418.21941697,8.08,7422.44,-1,204800,1,2760000,265372.8,,3.10677777e-07,KE,Kenya,000000000000000000c6,155.9000536825533,Africa,2021-06
Africa,Uganda,41.1,1735.515,1134,1,4492,16,67166.22,Victoria,3,SWBD,0.430999,33.193791,18406.3,67353470735.6225,7450418.21941697,8.08,7422.44,-1,204800,1,2760000,265372.8,,3.10677777e-07,KE,Kenya,000000000000000000c6,280.1189610114124,Africa,2021-07
Africa,Uganda,41.1,1735.515,1134,1,4492,16,67166.22,Victoria,3,SWBD,0.430999,33.193791,18406.3,67353470735.6225,7450418.21941697,8.08,7422.44,-1,204800,1,2760000,265372.8,,3.10677777e-07,KE,Kenya,000000000000000000c6,241.98307079712248,Africa,2021-08
Africa,Uganda,41.1,1735.515,1134,1,4492,16,67166.22,Victoria,3,SWBD,0.430999,33.193791,18406.3,67353470735.6225,7450418.21941697,8.08,7422.44,-1,204800,1,2760000,265372.8,,3.10677777e-07,KE,Kenya,000000000000000000c6,437.1915069300686,Africa,2021-09
Africa,Uganda,41.1,1735.515,1134,1,4492,16,67166.22,Victoria,3,SWBD,0.430999,33.193791,18406.3,67353470735.6225,7450418.21941697,8.08,7422.44,-1,204800,1,2760000,265372.8,,3.10677777e-07,KE,Kenya,000000000000000000c6,323.8498765113121,Africa,2021-10
Africa,Uganda,41.1,1735.515,1134,1,4492,16,67166.22,Victoria,3,SWBD,0.430999,33.193791,18406.3,67353470735.6225,7450418.21941697,8.08,7422.44,-1,204800,1,2760000,265372.8,,3.10677777e-07,KE,Kenya,000000000000000000c6,342.4880358729972,Africa,2021-11
Africa,Uganda,41.1,1735.515,1134,1,4492,16,67166.22,Victoria,3,SWBD,0.430999,33.193791,18406.3,67353470735.6225,7450418.21941697,8.08,7422.44,-1,204800,1,2760000,265372.8,,3.10677777e-07,KE,Kenya,000000000000000000c6,452.29392571349047,Africa,2021-12
Africa,Uganda,41.1,1735.515,1134,1,4492,16,67166.22,Victoria,3,SWBD,0.430999,33.193791,18406.3,67353470735.6225,7450418.21941697,8.08,7422.44,-1,204800,1,2760000,265372.8,,3.10677777e-07,KE,Kenya,000000000000000000c6,437.4863701733448,Africa,2022-01
Africa,Uganda,41.1,1735.515,1134,1,4492,16,67166.22,Victoria,3,SWBD,0.430999,33.193791,18406.3,67353470735.6225,7450418.21941697,8.08,7422.44,-1,204800,1,2760000,265372.8,,3.10677777e-07,KE,Kenya,000000000000000000c6,323.4212821948728,Africa,2022-02
Africa,Uganda,41.1,1735.515,1134,1,4492,16,67166.22,Victoria,3,SWBD,0.430999,33.193791,18406.3,67353470735.6225,7450418.21941697,8.08,7422.44,-1,204800,1,2760000,265372.8,,3.10677777e-07,KE,Kenya,000000000000000000c6,143.5370646758508,Africa,2022-03
Africa,Uganda,41.1,1735.515,1134,1,4492,16,67166.22,Victoria,3,SWBD,0.430999,33.193791,18406.3,67353470735.6225,7450418.21941697,8.08,7422.44,-1,204800,1,2760000,265372.8,,3.10677777e-07,KE,Kenya,000000000000000000c6,310.60306830125404,Africa,2022-04
Africa,Uganda,41.1,1735.515,1134,1,4492,16,67166.22,Victoria,3,SWBD,0.430999,33.193791,18406.3,67353470735.6225,7450418.21941697,8.08,7422.44,-1,204800,1,2760000,265372.8,,3.10677777e-07,KE,Kenya,000000000000000000c6,247.23943538606895,Africa,2022-05
Africa,Uganda,41.1,1735.515,1134,1,4492,16,67166.22,Victoria,3,SWBD,0.430999,33.193791,18406.3,67353470735.6225,7450418.21941697,8.08,7422.44,-1,204800,1,2760000,265372.8,,3.10677777e-07,KE,Kenya,000000000000000000c6,201.60788129676655,Africa,2022-06
Africa,Uganda,41.1,1735.515,1134,1,4492,16,67166.22,Victoria,3,SWBD,0.430999,33.193791,18406.3,67353470735.6225,7450418.21941697,8.08,7422.44,-1,204800,1,2760000,265372.8,,3.10677777e-07,KE,Kenya,000000000000000000c6,252.01987056701844,Africa,2022-07
Africa,Uganda,41.1,1735.515,1134,1,4492,16,67166.22,Victoria,3,SWBD,0.430999,33.193791,18406.3,67353470735.6225,7450418.21941697,8.08,7422.44,-1,204800,1,2760000,265372.8,,3.10677777e-07,KE,Kenya,000000000000000000c6,520.9978535124212,Africa,2022-08
Africa,Uganda,41.1,1735.515,1134,1,4492,16,67166.22,Victoria,3,SWBD,0.430999,33.193791,18406.3,67353470735.6225,7450418.21941697,8.08,7422.44,-1,204800,1,2760000,265372.8,,3.10677777e-07,KE,Kenya,000000000000000000c6,298.7322747742134,Africa,2022-09
Africa,Uganda,41.1,1735.515,1134,1,4492,16,67166.22,Victoria,3,SWBD,0.430999,33.193791,18406.3,67353470735.6225,7450418.21941697,8.08,7422.44,-1,204800,1,2760000,265372.8,,3.10677777e-07,KE,Kenya,000000000000000000c6,274.20065695339224,Africa,2022-10
Africa,Uganda,41.1,1735.515,1134,1,4492,16,67166.22,Victoria,3,SWBD,0.430999,33.193791,18406.3,67353470735.6225,7450418.21941697,8.08,7422.44,-1,204800,1,2760000,265372.8,,3.10677777e-07,KE,Kenya,000000000000000000c6,530.9137040773833,Africa,2022-11
Africa,Uganda,41.1,1735.515,1134,1,4492,16,67166.22,Victoria,3,SWBD,0.430999,33.193791,18406.3,67353470735.6225,7450418.21941697,8.08,7422.44,-1,204800,1,2760000,265372.8,,3.10677777e-07,KE,Kenya,000000000000000000c6,440.063253256132,Africa,2022-12
Africa,Uganda,41.1,1735.515,1134,1,4492,16,67166.22,Victoria,3,SWBD,0.430999,33.193791,18406.3,67353470735.6225,7450418.21941697,8.08,7422.44,-1,204800,1,2760000,265372.8,,3.10677777e-07,KE,Kenya,000000000000000000c6,228.3564793065826,Africa,2023-01
Africa,Uganda,41.1,1735.515,1134,1,4492,16,67166.22,Victoria,3,SWBD,0.430999,33.193791,18406.3,67353470735.6225,7450418.21941697,8.08,7422.44,-1,204800,1,2760000,265372.8,,3.10677777e-07,KE,Kenya,000000000000000000c6,161.43892973144025,Africa,2023-02
Africa,Uganda,41.1,1735.515,1134,1,4492,16,67166.22,Victoria,3,SWBD,0.430999,33.193791,18406.3,67353470735.6225,7450418.21941697,8.08,7422.44,-1,204800,1,2760000,265372.8,,3.10677777e-07,KE,Kenya,000000000000000000c6,508.7186941678343,Africa,2023-03
Africa,Uganda,41.1,1735.515,1134,1,4492,16,67166.22,Victoria,3,SWBD,0.430999,33.193791,18406.3,67353470735.6225,7450418.21941697,8.08,7422.44,-1,204800,1,2760000,265372.8,,3.10677777e-07,KE,Kenya,000000000000000000c6,430.81389382879524,Africa,2023-04
Africa,Uganda,41.1,1735.515,1134,1,4492,16,67166.22,Victoria,3,SWBD,0.430999,33.193791,18406.3,67353470735.6225,7450418.21941697,8.08,7422.44,-1,204800,1,2760000,265372.8,,3.10677777e-07,KE,Kenya,000000000000000000c6,156.94127392498712,Africa,2023-05
Africa,Uganda,41.1,1735.515,1134,1,4492,16,67166.22,Victoria,3,SWBD,0.430999,33.193791,18406.3,67353470735.6225,7450418.21941697,8.08,7422.44,-1,204800,1,2760000,265372.8,,3.10677777e-07,KE,Kenya,000000000000000000c6,259.9280642605085,Africa,2023-06
Africa,Uganda,41.1,1735.515,1134,1,4492,16,67166.22,Victoria,3,SWBD,0.430999,33.193791,18406.3,67353470735.6225,7450418.21941697,8.08,7422.44,-1,204800,1,2760000,265372.8,,3.10677777e-07,KE,Kenya,000000000000000000c6,274.592725186316,Africa,2023-07
Africa,Uganda,41.1,1735.515,1134,1,4492,16,67166.22,Victoria,3,SWBD,0.430999,33.193791,18406.3,67353470735.6225,7450418.21941697,8.08,7422.44,-1,204800,1,2760000,265372.8,,3.10677777e-07,KE,Kenya,000000000000000000c6,240.79179400808695,Africa,2023-08
Africa,Uganda,41.1,1735.515,1134,1,4492,16,67166.22,Victoria,3,SWBD,0.430999,33.193791,18406.3,67353470735.6225,7450418.21941697,8.08,7422.44,-1,204800,1,2760000,265372.8,,3.10677777e-07,KE,Kenya,000000000000000000c6,265.09975093539714,Africa,2023-09
Africa,Uganda,41.1,1735.515,1134,1,4492,16,67166.22,Victoria,3,SWBD,0.430999,33.193791,18406.3,67353470735.6225,7450418.21941697,8.08,7422.44,-1,204800,1,2760000,265372.8,,3.10677777e-07,KE,Kenya,000000000000000000c6,409.1065041019702,Africa,2023-10
Africa,Uganda,41.1,1735.515,1134,1,4492,16,67166.22,Victoria,3,SWBD,0.430999,33.193791,18406.3,67353470735.6225,7450418.21941697,8.08,7422.44,-1,204800,1,2760000,265372.8,,3.10677777e-07,KE,Kenya,000000000000000000c6,778.085573788493,Africa,2023-11
Africa,Uganda,41.1,1735.515,1134,1,4492,16,67166.22,Victoria,3,SWBD,0.430999,33.193791,18406.3,67353470735.6225,7450418.21941697,8.08,7422.44,-1,204800,1,2760000,265372.8,,3.10677777e-07,KE,Kenya,000000000000000000c6,300.3228154778687,Africa,2023-12
Africa,Uganda,41.1,1735.515,1134,1,4492,16,67166.22,Victoria,3,SWBD,0.430999,33.193791,18406.3,67353470735.6225,7450418.21941697,8.08,7422.44,-1,204800,1,2760000,265372.8,,3.10677777e-07,KE,Kenya,000000000000000000c6,515.7317860615512,Africa,2024-01
Africa,Uganda,41.1,1735.515,1134,1,4492,16,67166.22,Victoria,3,SWBD,0.430999,33.193791,18406.3,67353470735.6225,7450418.21941697,8.08,7422.44,-1,204800,1,2760000,265372.8,,3.10677777e-07,KE,Kenya,000000000000000000c6,313.61358648677435,Africa,2024-02
Africa,Uganda,41.1,1735.515,1134,1,4492,16,67166.22,Victoria,3,SWBD,0.430999,33.193791,18406.3,67353470735.6225,7450418.21941697,8.08,7422.44,-1,204800,1,2760000,265372.8,,3.10677777e-07,KE,Kenya,000000000000000000c6,186.80021377115628,Africa,2024-03
Africa,Uganda,41.1,1735.515,1134,1,4492,16,67166.22,Victoria,3,SWBD,0.430999,33.193791,18406.3,67353470735.6225,7450418.21941697,8.08,7422.44,-1,204800,1,2760000,265372.8,,3.10677777e-07,KE,Kenya,000000000000000000c6,417.40496004073805,Africa,2024-04
Africa,Uganda,41.1,1735.515,1134,1,4492,16,67166.22,Victoria,3,SWBD,0.430999,33.193791,18406.3,67353470735.6225,7450418.21941697,8.08,7422.44,-1,204800,1,2760000,265372.8,,3.10677777e-07,KE,Kenya,000000000000000000c6,334.8282895127387,Africa,2024-05
Africa,Uganda,41.1,1735.515,1134,1,4492,16,67166.22,Victoria,3,SWBD,0.430999,33.193791,18406.3,67353470735.6225,7450418.21941697,8.08,7422.44,-1,204800,1,2760000,265372.8,,3.10677777e-07,KE,Kenya,000000000000000000c6,238.23114453837408,Africa,2024-06
Africa,Uganda,41.1,1735.515,1134,1,4492,16,67166.22,Victoria,3,SWBD,0.430999,33.193791,18406.3,67353470735.6225,7450418.21941697,8.08,7422.44,-1,204800,1,2760000,265372.8,,3.10677777e-07,KE,Kenya,000000000000000000c6,478.7719647604695,Africa,2024-07
Africa,Uganda,41.1,1735.515,1134,1,4492,16,67166.22,Victoria,3,SWBD,0.430999,33.193791,18406.3,67353470735.6225,7450418.21941697,8.08,7422.44,-1,204800,1,2760000,265372.8,,3.10677777e-07,KE,Kenya,000000000000000000c6,292.68429709659245,Africa,2024-08
Africa,Uganda,41.1,1735.515,1134,1,4492,16,67166.22,Victoria,3,SWBD,0.430999,33.193791,18406.3,67353470735.6225,7450418.21941697,8.08,7422.44,-1,204800,1,2760000,265372.8,,3.10677777e-07,KE,Kenya,000000000000000000c6,357.96377417532756,Africa,2024-09
Africa,Uganda,41.1,1735.515,1134,1,4492,16,67166.22,Victoria,3,SWBD,0.430999,33.193791,18406.3,67353470735.6225,7450418.21941697,8.08,7422.44,-1,204800,1,2760000,265372.8,,3.10677777e-07,KE,Kenya,000000000000000000c6,507.4345855559519,Africa,2024-10
Africa,Uganda,41.1,1735.515,1134,1,4492,16,67166.22,Victoria,3,SWBD,0.430999,33.193791,18406.3,67353470735.6225,7450418.21941697,8.08,7422.44,-1,204800,1,2760000,265372.8,,3.10677777e-07,KE,Kenya,000000000000000000c6,702.3647528458147,Africa,2024-11
